[
    {
        "id": 1,
        "img": "https://i.ibb.co.com/x92LttM/1.png",
        "title": "Top 5 Must-Have Furniture Pieces for a Modern Home",
        "short_description": "Discover essential furniture items that combine comfort and style for the perfect living space."
    },
    {
        "id": 2,
        "img": "https://i.ibb.co.com/RGgpbmkj/2.png",
        "title": "How to Choose the Right Sofa for Your Living Room",
        "short_description": "Explore expert tips to select the ideal sofa based on space, comfort, and material."
    },
    {
        "id": 3,
        "img": "https://i.ibb.co.com/B2z3y582/4.png",
        "title": "Wood vs. Metal Furniture: Which One is Right for You?",
        "short_description": "A detailed guide comparing the durability, style, and cost of wood and metal furniture."
    },
    {
        "id": 4,
        "img": "https://i.ibb.co.com/YTLKDyX2/3.png",
        "title": "Space-Saving Furniture Ideas for Small Apartments",
        "short_description": "Learn how to maximize your space with smart, multi-functional furniture."
    },
    {
        "id": 5,
        "img": "https://i.ibb.co.com/NgrbDb1f/5.png",
        "title": "Luxury Bedroom Design Trends for 2025",
        "short_description": "Get inspired by the latest trends in luxury bedroom décor and furniture styles."
    },
    {
        "id": 6,
        "img": "https://i.ibb.co.com/sdBXyQTG/6.png",
        "title": "How to Maintain Your Wooden Furniture",
        "short_description": "Keep your wooden furniture looking new with these easy maintenance tips."
    },
    {
        "id": 7,
        "img": "https://i.ibb.co.com/fdXVmNmF/7.png",
        "title": "The Best Chairs for Office Comfort and Style",
        "short_description": "Upgrade your workspace with ergonomic and stylish office chairs."
    },
    {
        "id": 8,
        "img": "https://i.ibb.co.com/LDXffmNR/8.png",
        "title": "Mixing Vintage and Modern Furniture Like a Pro",
        "short_description": "Discover how to blend different furniture styles to create a unique, balanced interior."
    },
    {
        "id": 9,
        "img": "https://i.ibb.co.com/YFmxS4Q9/9.png",
        "title": "Kids' Furniture: Safety and Style Combined",
        "short_description": "Tips for choosing safe, durable, and fun furniture for your children’s room."
    },
    {
        "id": 10,
        "img": "https://i.ibb.co.com/WJ5PZ9c/10.png",
        "title": "How to Decorate with Neutral Tones",
        "short_description": "Use neutral-colored furniture to create calm, elegant, and timeless interiors."
    },
    {
        "id": 11,
        "img": "https://i.ibb.co.com/gLpNh8rB/11.png",
        "title": "Transform Your Dining Room with These Furniture Tips",
        "short_description": "Simple changes in furniture can elevate your dining experience at home."
    },
    {
        "id": 12,
        "img": "https://i.ibb.co.com/LzgK2y6p/12.png",
        "title": "Budget-Friendly Furniture Buying Guide",
        "short_description": "Find out how to furnish your home beautifully without breaking the bank."
    }
]