[
    {
        "id": 1,
        "img": "https://i.ibb.co.com/9mpmhycf/1.png",
        "title": "Modern Table Collection",
        "price": 1250.00
    },
    {
        "id": 2,
        "img": "https://i.ibb.co.com/XZFKmTfw/2.png",
        "title": "Luxury Gold Accent Table",
        "price": 1250.00
    },
    {
        "id": 3,
        "img": "https://i.ibb.co.com/fz0DjPt9/3.png",
        "title": "Classic Table Collection",
        "price": 1250.00
    },
    {
        "id": 4,
        "img": "https://i.ibb.co.com/ksLjpyZ3/4.png",
        "title": "Furniture & Dining Sets",
        "price": 1250.00
    },
    {
        "id": 5,
        "img": "https://i.ibb.co.com/rGhzdhmc/5.png",
        "title": "Losh Design Lamp",
        "price": 1250.00
    },
    {
        "id": 6,
        "img": "https://i.ibb.co.com/VpzJspP2/6.png",
        "title": "Best Bedroom Lamp",
        "price": 1250.00
    },
    {
        "id": 7,
        "img": "https://i.ibb.co.com/Kx8Y03NX/7.png",
        "title": "Furniture & Dining Sets",
        "price": 1250.00
    },
    {
        "id": 8,
        "img": "https://i.ibb.co.com/rfHvxvPK/8.png",
        "title": "Elegant Comfort Lounge Chair",
        "price": 1250.00
    },
    {
        "id": 9,
        "img": "https://i.ibb.co.com/C5YfWwmM/9.png",
        "title": "Luxury Lounge Chair",
        "price": 1250.00
    },
    {
        "id": 10,
        "img": "https://i.ibb.co.com/ZpLdVKVz/10.png",
        "title": "Minimalist Modern Dining Chair",
        "price": 1250.00
    },
    {
        "id": 11,
        "img": "https://i.ibb.co.com/xttyngkk/11.png",
        "title": "Minimalist Modern Dining Chair",
        "price": 1250.00
    },
    {
        "id": 12,
        "img": "https://i.ibb.co.com/sJ572n3N/12.png",
        "title": "Premium Leather Office Chair",
        "price": 1250.00
    },
    {
        "id": 13,
        "img": "https://i.ibb.co.com/0y5BkFRZ/1.png",
        "title": "Royal Comfort King Bed",
        "price": 1250.00
    },
    {
        "id": 14,
        "img": "https://i.ibb.co.com/9k2HbB9T/4.png",
        "title": "Empress Gold Upholstered Bed",
        "price": 1250.00
    },
    {
        "id": 15,
        "img": "https://i.ibb.co.com/Y7Sjy9sD/2.png",
        "title": "Velvet Dream Premium Bed",
        "price": 1250.00
    },
    {
        "id": 16,
        "img": "https://i.ibb.co.com/bRLqMLRM/3-1.png",
        "title": "Modern Luxe Wooden Master Bed",
        "price": 1250.00
    },
    {
        "id": 17,
        "img": "https://i.ibb.co.com/wNGcZBnT/4.png",
        "title": "Premium Leather Office Chair",
        "price": 1250.00
    },
    {
        "id": 18,
        "img": "https://i.ibb.co.com/V0006CWt/1.png",
        "title": "Premium Leather Office Chair",
        "price": 1250.00
    },
    {
        "id": 19,
        "img": "https://i.ibb.co.com/x8CBJCcw/2.png",
        "title": "Premium Leather Office Chair",
        "price": 1250.00
    },
    {
        "id": 20,
        "img": "https://i.ibb.co.com/hRpj4Tqv/3.png",
        "title": "Premium Leather Office Chair",
        "price": 1250.00
    },
    {
        "id": 21,
        "img": "https://i.ibb.co.com/DfDp0KL2/1-1.png",
        "title": "Premium Leather Office Chair",
        "price": 1250.00
    },
    {
        "id": 22,
        "img": "https://i.ibb.co.com/fd64VH37/2.png",
        "title": "Premium Leather Office Chair",
        "price": 1250.00
    },
    {
        "id": 23,
        "img": "https://i.ibb.co.com/3yy4jsw0/3.png",
        "title": "Premium Leather Office Chair",
        "price": 1250.00
    },
    {
        "id": 24,
        "img": "https://i.ibb.co.com/KctTzCCs/4.png",
        "title": "Premium Leather Office Chair",
        "price": 1250.00
    },
    {
        "id": 25,
        "img": "https://i.ibb.co.com/mVXs0773/4.png",
        "title": "Premium Leather Office Chair",
        "price": 1250.00
    },
    {
        "id": 26,
        "img": "https://i.ibb.co.com/mVXs0773/4.png",
        "title": "Premium Leather Office Chair",
        "price": 1250.00
    },
    {
        "id": 27,
        "img": "https://i.ibb.co.com/mVXs0773/4.png",
        "title": "Premium Leather Office Chair",
        "price": 1250.00
    },
    {
        "id": 28,
        "img": "https://i.ibb.co.com/mVXs0773/4.png",
        "title": "Premium Leather Office Chair",
        "price": 1250.00
    }
]